timestamp,id_asset,close
2017-08-17,3,302.0
2017-08-18,3,293.96
2017-08-19,3,290.91
2017-08-20,3,299.1
2017-08-21,3,323.29
2017-08-22,3,309.8
2017-08-23,3,315.74
2017-08-24,3,323.42
2017-08-25,3,327.24
2017-08-26,3,330.79
2017-08-27,3,348.13
2017-08-28,3,346.0
2017-08-29,3,374.7
2017-08-30,3,385.93
2017-08-31,3,384.79
2017-09-01,3,388.46
2017-09-02,3,343.14
2017-09-03,3,341.77
2017-09-04,3,283.77
2017-09-05,3,312.09
2017-09-06,3,335.0
2017-09-07,3,334.49
2017-09-08,3,302.99
2017-09-09,3,296.74
2017-09-10,3,293.5
2017-09-11,3,297.3
2017-09-12,3,293.96
2017-09-13,3,276.91
2017-09-14,3,215.21
2017-09-15,3,253.0
2017-09-16,3,249.31
2017-09-17,3,257.55
2017-09-18,3,294.57
2017-09-19,3,284.0
2017-09-20,3,282.0
2017-09-21,3,257.0
2017-09-22,3,264.0
2017-09-23,3,285.93
2017-09-24,3,282.0
2017-09-25,3,294.42
2017-09-26,3,287.9
2017-09-27,3,309.74
2017-09-28,3,302.44
2017-09-29,3,292.22
2017-09-30,3,304.36
2017-10-01,3,303.95
2017-10-02,3,296.5
2017-10-03,3,292.48
2017-10-04,3,291.99
2017-10-05,3,294.81
2017-10-06,3,310.8
2017-10-07,3,311.01
2017-10-08,3,311.07
2017-10-09,3,297.19
2017-10-10,3,298.64
2017-10-11,3,304.01
2017-10-12,3,303.99
2017-10-13,3,337.96
2017-10-14,3,342.0
2017-10-15,3,337.96
2017-10-16,3,335.19
2017-10-17,3,315.19
2017-10-18,3,309.7
2017-10-19,3,308.66
2017-10-20,3,304.51
2017-10-21,3,298.94
2017-10-22,3,293.79
2017-10-23,3,281.09
2017-10-24,3,297.38
2017-10-25,3,294.49
2017-10-26,3,294.71
2017-10-27,3,296.33
2017-10-28,3,291.87
2017-10-29,3,305.0
2017-10-30,3,307.25
2017-10-31,3,304.9
2017-11-01,3,287.01
2017-11-02,3,283.12
2017-11-03,3,304.08
2017-11-04,3,298.04
2017-11-05,3,295.53
2017-11-06,3,297.97
2017-11-07,3,291.78
2017-11-08,3,303.02
2017-11-09,3,317.87
2017-11-10,3,293.5
2017-11-11,3,310.02
2017-11-12,3,305.24
2017-11-13,3,312.99
2017-11-14,3,335.61
2017-11-15,3,331.33
2017-11-16,3,331.49
2017-11-17,3,331.23
2017-11-18,3,346.66
2017-11-19,3,354.15
2017-11-20,3,367.42
2017-11-21,3,362.12
2017-11-22,3,380.65
2017-11-23,3,405.0
2017-11-24,3,469.0
2017-11-25,3,461.82
2017-11-26,3,462.84
2017-11-27,3,472.31
2017-11-28,3,466.17
2017-11-29,3,421.7
2017-11-30,3,427.43
2017-12-01,3,457.51
2017-12-02,3,457.63
2017-12-03,3,460.3
2017-12-04,3,466.67
2017-12-05,3,452.26
2017-12-06,3,411.01
2017-12-07,3,406.33
2017-12-08,3,442.56
2017-12-09,3,460.0
2017-12-10,3,427.35
2017-12-11,3,508.7
2017-12-12,3,620.0
2017-12-13,3,683.99
2017-12-14,3,679.76
2017-12-15,3,674.95
2017-12-16,3,682.81
2017-12-17,3,707.64
2017-12-18,3,784.0
2017-12-19,3,798.0
2017-12-20,3,790.21
2017-12-21,3,782.41
2017-12-22,3,635.97
2017-12-23,3,640.34
2017-12-24,3,658.0
2017-12-25,3,714.95
2017-12-26,3,750.0
2017-12-27,3,739.89
2017-12-28,3,707.89
2017-12-29,3,733.99
2017-12-30,3,681.06
2017-12-31,3,733.98
2018-01-01,3,754.99
2018-01-02,3,855.28
2018-01-03,3,934.03
2018-01-04,3,940.0
2018-01-05,3,959.3
2018-01-06,3,1004.11
2018-01-07,3,1123.09
2018-01-08,3,1133.18
2018-01-09,3,1291.0
2018-01-10,3,1247.0
2018-01-11,3,1138.93
2018-01-12,3,1253.87
2018-01-13,3,1388.02
2018-01-14,3,1347.0
2018-01-15,3,1271.0
2018-01-16,3,1000.0
2018-01-17,3,1000.0
2018-01-18,3,994.0
2018-01-19,3,1032.5
2018-01-20,3,1152.75
2018-01-21,3,1049.0
2018-01-22,3,993.0
2018-01-23,3,980.0
2018-01-24,3,1061.0
2018-01-25,3,1056.52
2018-01-26,3,1051.03
2018-01-27,3,1118.99
2018-01-28,3,1251.96
2018-01-29,3,1177.01
2018-01-30,3,1085.5
2018-01-31,3,1124.81
2018-02-01,3,1041.94
2018-02-02,3,922.3
2018-02-03,3,971.0
2018-02-04,3,823.56
2018-02-05,3,697.92
2018-02-06,3,779.25
2018-02-07,3,754.0
2018-02-08,3,781.66
2018-02-09,3,877.0
2018-02-10,3,851.15
2018-02-11,3,808.99
2018-02-12,3,866.66
2018-02-13,3,841.57
2018-02-14,3,919.09
2018-02-15,3,924.55
2018-02-16,3,938.67
2018-02-17,3,969.99
2018-02-18,3,911.0
2018-02-19,3,938.11
2018-02-20,3,882.99
2018-02-21,3,835.89
2018-02-22,3,801.49
2018-02-23,3,851.6
2018-02-24,3,833.94
2018-02-25,3,841.19
2018-02-26,3,867.98
2018-02-27,3,870.11
2018-02-28,3,853.5
2018-03-01,3,870.63
2018-03-02,3,856.28
2018-03-03,3,856.02
2018-03-04,3,866.66
2018-03-05,3,849.84
2018-03-06,3,813.11
2018-03-07,3,749.9
2018-03-08,3,695.46
2018-03-09,3,723.71
2018-03-10,3,680.58
2018-03-11,3,720.85
2018-03-12,3,697.11
2018-03-13,3,689.94
2018-03-14,3,610.1
2018-03-15,3,608.83
2018-03-16,3,599.05
2018-03-17,3,546.95
2018-03-18,3,537.0
2018-03-19,3,556.88
2018-03-20,3,557.0
2018-03-21,3,559.17
2018-03-22,3,539.92
2018-03-23,3,543.03
2018-03-24,3,520.22
2018-03-25,3,523.74
2018-03-26,3,485.0
2018-03-27,3,448.5
2018-03-28,3,446.67
2018-03-29,3,384.0
2018-03-30,3,392.43
2018-03-31,3,393.92
2018-04-01,3,378.58
2018-04-02,3,385.05
2018-04-03,3,415.01
2018-04-04,3,378.16
2018-04-05,3,381.22
2018-04-06,3,368.89
2018-04-07,3,384.51
2018-04-08,3,400.4
2018-04-09,3,399.44
2018-04-10,3,416.07
2018-04-11,3,429.52
2018-04-12,3,495.67
2018-04-13,3,495.11
2018-04-14,3,502.68
2018-04-15,3,533.88
2018-04-16,3,511.46
2018-04-17,3,502.56
2018-04-18,3,526.09
2018-04-19,3,568.14
2018-04-20,3,617.09
2018-04-21,3,604.87
2018-04-22,3,620.92
2018-04-23,3,645.09
2018-04-24,3,701.58
2018-04-25,3,618.0
2018-04-26,3,661.51
2018-04-27,3,643.46
2018-04-28,3,682.86
2018-04-29,3,690.85
2018-04-30,3,670.78
2018-05-01,3,672.0
2018-05-02,3,688.56
2018-05-03,3,779.0
2018-05-04,3,785.99
2018-05-05,3,819.5
2018-05-06,3,794.3
2018-05-07,3,752.49
2018-05-08,3,748.99
2018-05-09,3,751.75
2018-05-10,3,722.52
2018-05-11,3,676.96
2018-05-12,3,684.11
2018-05-13,3,729.08
2018-05-14,3,727.49
2018-05-15,3,704.91
2018-05-16,3,706.29
2018-05-17,3,667.62
2018-05-18,3,692.6
2018-05-19,3,697.0
2018-05-20,3,716.16
2018-05-21,3,696.7
2018-05-22,3,640.99
2018-05-23,3,577.19
2018-05-24,3,602.18
2018-05-25,3,585.55
2018-05-26,3,586.0
2018-05-27,3,570.4
2018-05-28,3,511.5
2018-05-29,3,567.36
2018-05-30,3,557.19
2018-05-31,3,577.81
2018-06-01,3,579.0
2018-06-02,3,590.85
2018-06-03,3,619.66
2018-06-04,3,591.02
2018-06-05,3,609.05
2018-06-06,3,607.4
2018-06-07,3,605.16
2018-06-08,3,598.68
2018-06-09,3,592.87
2018-06-10,3,524.11
2018-06-11,3,531.69
2018-06-12,3,493.0
2018-06-13,3,475.47
2018-06-14,3,519.29
2018-06-15,3,487.48
2018-06-16,3,496.74
2018-06-17,3,497.14
2018-06-18,3,517.95
2018-06-19,3,537.97
2018-06-20,3,536.49
2018-06-21,3,526.18
2018-06-22,3,462.09
2018-06-23,3,473.41
2018-06-24,3,454.41
2018-06-25,3,458.7
2018-06-26,3,429.34
2018-06-27,3,441.64
2018-06-28,3,420.22
2018-06-29,3,434.77
2018-06-30,3,454.09
2018-07-01,3,452.1
2018-07-02,3,476.25
2018-07-03,3,461.82
2018-07-04,3,467.38
2018-07-05,3,467.87
2018-07-06,3,470.47
2018-07-07,3,485.57
2018-07-08,3,486.77
2018-07-09,3,471.71
2018-07-10,3,432.48
2018-07-11,3,444.99
2018-07-12,3,431.14
2018-07-13,3,432.46
2018-07-14,3,433.19
2018-07-15,3,449.78
2018-07-16,3,478.49
2018-07-17,3,498.76
2018-07-18,3,479.41
2018-07-19,3,468.57
2018-07-20,3,449.04
2018-07-21,3,460.23
2018-07-22,3,457.47
2018-07-23,3,450.05
2018-07-24,3,479.28
2018-07-25,3,472.1
2018-07-26,3,462.64
2018-07-27,3,470.09
2018-07-28,3,469.29
2018-07-29,3,466.4
2018-07-30,3,456.23
2018-07-31,3,432.22
2018-08-01,3,420.41
2018-08-02,3,410.62
2018-08-03,3,417.52
2018-08-04,3,407.21
2018-08-05,3,408.79
2018-08-06,3,405.28
2018-08-07,3,378.21
2018-08-08,3,355.48
2018-08-09,3,363.3
2018-08-10,3,331.81
2018-08-11,3,317.69
2018-08-12,3,317.89
2018-08-13,3,283.81
2018-08-14,3,278.41
2018-08-15,3,281.12
2018-08-16,3,287.17
2018-08-17,3,317.51
2018-08-18,3,294.11
2018-08-19,3,299.42
2018-08-20,3,270.51
2018-08-21,3,281.21
2018-08-22,3,270.8
2018-08-23,3,275.99
2018-08-24,3,281.19
2018-08-25,3,277.55
2018-08-26,3,274.29
2018-08-27,3,287.71
2018-08-28,3,295.44
2018-08-29,3,288.4
2018-08-30,3,283.89
2018-08-31,3,281.41
2018-09-01,3,295.71
2018-09-02,3,295.41
2018-09-03,3,289.09
2018-09-04,3,285.3
2018-09-05,3,228.53
2018-09-06,3,229.7
2018-09-07,3,215.22
2018-09-08,3,196.71
2018-09-09,3,195.81
2018-09-10,3,197.15
2018-09-11,3,185.18
2018-09-12,3,183.12
2018-09-13,3,210.68
2018-09-14,3,208.82
2018-09-15,3,221.29
2018-09-16,3,220.17
2018-09-17,3,196.16
2018-09-18,3,208.17
2018-09-19,3,209.79
2018-09-20,3,224.0
2018-09-21,3,247.73
2018-09-22,3,241.01
2018-09-23,3,244.5
2018-09-24,3,228.06
2018-09-25,3,219.62
2018-09-26,3,214.42
2018-09-27,3,229.13
2018-09-28,3,221.84
2018-09-29,3,231.62
2018-09-30,3,232.94
2018-10-01,3,231.61
2018-10-02,3,225.69
2018-10-03,3,220.77
2018-10-04,3,222.66
2018-10-05,3,228.37
2018-10-06,3,225.4
2018-10-07,3,226.14
2018-10-08,3,230.01
2018-10-09,3,228.4
2018-10-10,3,226.74
2018-10-11,3,191.58
2018-10-12,3,196.96
2018-10-13,3,201.3
2018-10-14,3,197.01
2018-10-15,3,214.39
2018-10-16,3,215.09
2018-10-17,3,212.85
2018-10-18,3,206.24
2018-10-19,3,205.0
2018-10-20,3,207.91
2018-10-21,3,207.49
2018-10-22,3,206.67
2018-10-23,3,205.85
2018-10-24,3,205.35
2018-10-25,3,203.93
2018-10-26,3,204.92
2018-10-27,3,204.45
2018-10-28,3,204.99
2018-10-29,3,196.96
2018-10-30,3,197.27
2018-10-31,3,198.73
2018-11-01,3,199.96
2018-11-02,3,202.35
2018-11-03,3,200.31
2018-11-04,3,212.11
2018-11-05,3,210.66
2018-11-06,3,220.74
2018-11-07,3,219.07
2018-11-08,3,212.79
2018-11-09,3,210.77
2018-11-10,3,213.25
2018-11-11,3,212.54
2018-11-12,3,212.89
2018-11-13,3,209.84
2018-11-14,3,187.43
2018-11-15,3,184.35
2018-11-16,3,176.89
2018-11-17,3,176.2
2018-11-18,3,178.97
2018-11-19,3,150.81
2018-11-20,3,133.82
2018-11-21,3,138.23
2018-11-22,3,126.63
2018-11-23,3,125.02
2018-11-24,3,114.89
2018-11-25,3,118.67
2018-11-26,3,110.68
2018-11-27,3,111.43
2018-11-28,3,122.9
2018-11-29,3,117.98
2018-11-30,3,113.73
2018-12-01,3,118.1
2018-12-02,3,116.57
2018-12-03,3,108.76
2018-12-04,3,109.94
2018-12-05,3,102.71
2018-12-06,3,91.0
2018-12-07,3,93.05
2018-12-08,3,90.38
2018-12-09,3,93.26
2018-12-10,3,89.91
2018-12-11,3,87.76
2018-12-12,3,89.41
2018-12-13,3,86.34
2018-12-14,3,83.82
2018-12-15,3,83.76
2018-12-16,3,84.67
2018-12-17,3,94.02
2018-12-18,3,100.39
2018-12-19,3,98.74
2018-12-20,3,114.05
2018-12-21,3,107.69
2018-12-22,3,115.2
2018-12-23,3,129.03
2018-12-24,3,138.03
2018-12-25,3,127.6
2018-12-26,3,129.35
2018-12-27,3,113.8
2018-12-28,3,135.3
2018-12-29,3,132.89
2018-12-30,3,137.77
2018-12-31,3,131.45
2019-01-01,3,139.1
2019-01-02,3,152.01
2019-01-03,3,146.3
2019-01-04,3,151.97
2019-01-05,3,152.83
2019-01-06,3,153.86
2019-01-07,3,149.34
2019-01-08,3,147.6
2019-01-09,3,148.1
2019-01-10,3,124.95
2019-01-11,3,124.65
2019-01-12,3,123.35
2019-01-13,3,114.16
2019-01-14,3,126.95
2019-01-15,3,118.95
2019-01-16,3,121.48
2019-01-17,3,121.54
2019-01-18,3,119.17
2019-01-19,3,122.6
2019-01-20,3,117.47
2019-01-21,3,115.63
2019-01-22,3,117.81
2019-01-23,3,116.44
2019-01-24,3,116.39
2019-01-25,3,115.11
2019-01-26,3,115.34
2019-01-27,3,112.05
2019-01-28,3,105.5
2019-01-29,3,104.45
2019-01-30,3,108.29
2019-01-31,3,106.44
2019-02-01,3,106.73
2019-02-02,3,110.42
2019-02-03,3,107.36
2019-02-04,3,107.68
2019-02-05,3,107.27
2019-02-06,3,104.5
2019-02-07,3,104.48
2019-02-08,3,119.25
2019-02-09,3,119.19
2019-02-10,3,125.12
2019-02-11,3,120.89
2019-02-12,3,122.41
2019-02-13,3,121.86
2019-02-14,3,120.42
2019-02-15,3,121.67
2019-02-16,3,122.67
2019-02-17,3,133.75
2019-02-18,3,145.69
2019-02-19,3,143.44
2019-02-20,3,148.44
2019-02-21,3,145.69
2019-02-22,3,147.36
2019-02-23,3,157.79
2019-02-24,3,132.1
2019-02-25,3,137.87
2019-02-26,3,136.22
2019-02-27,3,135.02
2019-02-28,3,135.34
2019-03-01,3,135.32
2019-03-02,3,132.56
2019-03-03,3,130.6
2019-03-04,3,125.65
2019-03-05,3,136.72
2019-03-06,3,137.4
2019-03-07,3,136.81
2019-03-08,3,133.52
2019-03-09,3,137.27
2019-03-10,3,135.37
2019-03-11,3,132.67
2019-03-12,3,133.57
2019-03-13,3,131.65
2019-03-14,3,132.2
2019-03-15,3,136.56
2019-03-16,3,140.92
2019-03-17,3,138.67
2019-03-18,3,137.59
2019-03-19,3,138.55
2019-03-20,3,139.01
2019-03-21,3,134.85
2019-03-22,3,135.98
2019-03-23,3,137.28
2019-03-24,3,136.09
2019-03-25,3,133.98
2019-03-26,3,134.18
2019-03-27,3,139.45
2019-03-28,3,137.86
2019-03-29,3,143.25
2019-03-30,3,142.46
2019-03-31,3,141.38
2019-04-01,3,141.24
2019-04-02,3,163.31
2019-04-03,3,159.96
2019-04-04,3,157.36
2019-04-05,3,164.77
2019-04-06,3,165.5
2019-04-07,3,174.21
2019-04-08,3,178.72
2019-04-09,3,174.6
2019-04-10,3,177.12
2019-04-11,3,164.07
2019-04-12,3,163.19
2019-04-13,3,162.99
2019-04-14,3,167.23
2019-04-15,3,159.95
2019-04-16,3,165.37
2019-04-17,3,165.75
2019-04-18,3,173.33
2019-04-19,3,172.64
2019-04-20,3,172.88
2019-04-21,3,168.59
2019-04-22,3,170.52
2019-04-23,3,169.16
2019-04-24,3,164.78
2019-04-25,3,154.72
2019-04-26,3,157.95
2019-04-27,3,159.31
2019-04-28,3,157.85
2019-04-29,3,155.11
2019-04-30,3,161.83
2019-05-01,3,160.19
2019-05-02,3,161.81
2019-05-03,3,168.06
2019-05-04,3,163.7
2019-05-05,3,163.05
2019-05-06,3,173.0
2019-05-07,3,169.18
2019-05-08,3,170.85
2019-05-09,3,170.9
2019-05-10,3,172.91
2019-05-11,3,190.2
2019-05-12,3,188.11
2019-05-13,3,195.84
2019-05-14,3,216.4
2019-05-15,3,248.1
2019-05-16,3,264.25
2019-05-17,3,244.3
2019-05-18,3,233.6
2019-05-19,3,259.51
2019-05-20,3,250.37
2019-05-21,3,253.43
2019-05-22,3,243.64
2019-05-23,3,244.56
2019-05-24,3,248.87
2019-05-25,3,250.22
2019-05-26,3,264.45
2019-05-27,3,270.53
2019-05-28,3,271.03
2019-05-29,3,268.83
2019-05-30,3,254.56
2019-05-31,3,267.9
2019-06-01,3,264.33
2019-06-02,3,268.88
2019-06-03,3,249.91
2019-06-04,3,241.39
2019-06-05,3,245.63
2019-06-06,3,248.76
2019-06-07,3,248.77
2019-06-08,3,243.25
2019-06-09,3,230.98
2019-06-10,3,246.51
2019-06-11,3,244.29
2019-06-12,3,261.15
2019-06-13,3,254.67
2019-06-14,3,262.47
2019-06-15,3,267.82
2019-06-16,3,267.73
2019-06-17,3,273.16
2019-06-18,3,264.66
2019-06-19,3,268.14
2019-06-20,3,271.22
2019-06-21,3,294.35
2019-06-22,3,310.79
2019-06-23,3,308.52
2019-06-24,3,311.64
2019-06-25,3,318.26
2019-06-26,3,339.39
2019-06-27,3,298.35
2019-06-28,3,311.05
2019-06-29,3,317.62
2019-06-30,3,292.7
2019-07-01,3,295.07
2019-07-02,3,291.48
2019-07-03,3,301.14
2019-07-04,3,282.73
2019-07-05,3,287.47
2019-07-06,3,288.29
2019-07-07,3,304.72
2019-07-08,3,311.97
2019-07-09,3,307.46
2019-07-10,3,289.23
2019-07-11,3,268.63
2019-07-12,3,274.62
2019-07-13,3,268.79
2019-07-14,3,225.85
2019-07-15,3,228.2
2019-07-16,3,198.88
2019-07-17,3,210.81
2019-07-18,3,225.73
2019-07-19,3,220.73
2019-07-20,3,228.2
2019-07-21,3,225.38
2019-07-22,3,217.51
2019-07-23,3,212.48
2019-07-24,3,216.31
2019-07-25,3,219.14
2019-07-26,3,218.81
2019-07-27,3,207.3
2019-07-28,3,211.62
2019-07-29,3,210.89
2019-07-30,3,209.58
2019-07-31,3,218.42
2019-08-01,3,216.84
2019-08-02,3,217.61
2019-08-03,3,222.14
2019-08-04,3,221.79
2019-08-05,3,233.54
2019-08-06,3,226.28
2019-08-07,3,226.1
2019-08-08,3,221.39
2019-08-09,3,210.53
2019-08-10,3,206.48
2019-08-11,3,216.42
2019-08-12,3,211.41
2019-08-13,3,209.3
2019-08-14,3,187.1
2019-08-15,3,188.03
2019-08-16,3,184.88
2019-08-17,3,185.59
2019-08-18,3,194.33
2019-08-19,3,202.28
2019-08-20,3,196.6
2019-08-21,3,187.45
2019-08-22,3,190.35
2019-08-23,3,194.02
2019-08-24,3,190.6
2019-08-25,3,186.54
2019-08-26,3,188.67
2019-08-27,3,187.24
2019-08-28,3,173.03
2019-08-29,3,169.01
2019-08-30,3,168.5
2019-08-31,3,171.57
2019-09-01,3,170.74
2019-09-02,3,178.05
2019-09-03,3,178.75
2019-09-04,3,174.72
2019-09-05,3,173.75
2019-09-06,3,169.08
2019-09-07,3,177.62
2019-09-08,3,181.19
2019-09-09,3,180.54
2019-09-10,3,179.81
2019-09-11,3,178.28
2019-09-12,3,180.72
2019-09-13,3,180.95
2019-09-14,3,188.13
2019-09-15,3,189.03
2019-09-16,3,197.22
2019-09-17,3,207.84
2019-09-18,3,210.21
2019-09-19,3,220.24
2019-09-20,3,218.03
2019-09-21,3,215.05
2019-09-22,3,211.2
2019-09-23,3,201.29
2019-09-24,3,165.81
2019-09-25,3,169.96
2019-09-26,3,165.92
2019-09-27,3,173.79
2019-09-28,3,173.49
2019-09-29,3,169.24
2019-09-30,3,180.85
2019-10-01,3,175.66
2019-10-02,3,180.24
2019-10-03,3,174.69
2019-10-04,3,175.55
2019-10-05,3,176.25
2019-10-06,3,170.1
2019-10-07,3,179.85
2019-10-08,3,180.6
2019-10-09,3,192.62
2019-10-10,3,191.14
2019-10-11,3,180.72
2019-10-12,3,179.68
2019-10-13,3,180.99
2019-10-14,3,186.72
2019-10-15,3,180.49
2019-10-16,3,174.47
2019-10-17,3,177.16
2019-10-18,3,172.74
2019-10-19,3,171.79
2019-10-20,3,175.22
2019-10-21,3,173.98
2019-10-22,3,171.2
2019-10-23,3,162.35
2019-10-24,3,160.38
2019-10-25,3,181.5
2019-10-26,3,179.49
2019-10-27,3,183.75
2019-10-28,3,181.72
2019-10-29,3,190.46
2019-10-30,3,183.13
2019-10-31,3,182.18
2019-11-01,3,182.85
2019-11-02,3,182.91
2019-11-03,3,181.54
2019-11-04,3,185.71
2019-11-05,3,188.68
2019-11-06,3,191.16
2019-11-07,3,186.68
2019-11-08,3,183.74
2019-11-09,3,184.89
2019-11-10,3,188.96
2019-11-11,3,184.98
2019-11-12,3,187.09
2019-11-13,3,188.11
2019-11-14,3,184.92
2019-11-15,3,180.0
2019-11-16,3,182.37
2019-11-17,3,183.82
2019-11-18,3,178.2
2019-11-19,3,175.94
2019-11-20,3,174.72
2019-11-21,3,161.01
2019-11-22,3,149.56
2019-11-23,3,151.84
2019-11-24,3,139.96
2019-11-25,3,145.69
2019-11-26,3,147.47
2019-11-27,3,152.62
2019-11-28,3,150.72
2019-11-29,3,154.57
2019-11-30,3,151.37
2019-12-01,3,150.73
2019-12-02,3,148.65
2019-12-03,3,147.17
2019-12-04,3,145.38
2019-12-05,3,148.1
2019-12-06,3,148.45
2019-12-07,3,147.14
2019-12-08,3,150.44
2019-12-09,3,147.38
2019-12-10,3,145.56
2019-12-11,3,143.39
2019-12-12,3,144.87
2019-12-13,3,144.8
2019-12-14,3,141.79
2019-12-15,3,142.46
2019-12-16,3,132.73
2019-12-17,3,121.88
2019-12-18,3,132.78
2019-12-19,3,128.1
2019-12-20,3,128.19
2019-12-21,3,126.99
2019-12-22,3,132.09
2019-12-23,3,127.8
2019-12-24,3,127.75
2019-12-25,3,125.09
2019-12-26,3,125.58
2019-12-27,3,126.29
2019-12-28,3,128.11
2019-12-29,3,134.36
2019-12-30,3,131.59
2019-12-31,3,129.16
2020-01-01,3,130.77
2020-01-02,3,127.19
2020-01-03,3,134.35
2020-01-04,3,134.2
2020-01-05,3,135.37
2020-01-06,3,144.15
2020-01-07,3,142.8
2020-01-08,3,140.72
2020-01-09,3,137.74
2020-01-10,3,144.84
2020-01-11,3,142.38
2020-01-12,3,146.54
2020-01-13,3,143.58
2020-01-14,3,165.64
2020-01-15,3,166.4
2020-01-16,3,164.21
2020-01-17,3,169.85
2020-01-18,3,174.14
2020-01-19,3,166.79
2020-01-20,3,166.87
2020-01-21,3,169.49
2020-01-22,3,168.07
2020-01-23,3,162.81
2020-01-24,3,162.54
2020-01-25,3,160.35
2020-01-26,3,167.86
2020-01-27,3,170.08
2020-01-28,3,175.64
2020-01-29,3,173.72
2020-01-30,3,184.69
2020-01-31,3,179.99
2020-02-01,3,183.6
2020-02-02,3,188.44
2020-02-03,3,189.69
2020-02-04,3,188.91
2020-02-05,3,203.78
2020-02-06,3,213.19
2020-02-07,3,223.33
2020-02-08,3,223.05
2020-02-09,3,228.49
2020-02-10,3,222.89
2020-02-11,3,236.69
2020-02-12,3,265.74
2020-02-13,3,268.32
2020-02-14,3,285.15
2020-02-15,3,264.88
2020-02-16,3,258.85
2020-02-17,3,267.85
2020-02-18,3,282.61
2020-02-19,3,258.45
2020-02-20,3,256.96
2020-02-21,3,265.27
2020-02-22,3,261.57
2020-02-23,3,274.48
2020-02-24,3,265.52
2020-02-25,3,246.67
2020-02-26,3,223.93
2020-02-27,3,227.79
2020-02-28,3,226.76
2020-02-29,3,217.21
2020-03-01,3,217.81
2020-03-02,3,231.97
2020-03-03,3,223.91
2020-03-04,3,224.26
2020-03-05,3,228.38
2020-03-06,3,244.88
2020-03-07,3,237.23
2020-03-08,3,199.43
2020-03-09,3,202.81
2020-03-10,3,200.7
2020-03-11,3,194.61
2020-03-12,3,107.82
2020-03-13,3,134.06
2020-03-14,3,122.54
2020-03-15,3,123.78
2020-03-16,3,111.02
2020-03-17,3,115.67
2020-03-18,3,118.11
2020-03-19,3,136.3
2020-03-20,3,133.48
2020-03-21,3,132.66
2020-03-22,3,122.32
2020-03-23,3,135.92
2020-03-24,3,138.42
2020-03-25,3,136.1
2020-03-26,3,138.4
2020-03-27,3,131.33
2020-03-28,3,130.98
2020-03-29,3,124.5
2020-03-30,3,132.06
2020-03-31,3,132.72
2020-04-01,3,135.69
2020-04-02,3,141.28
2020-04-03,3,141.31
2020-04-04,3,144.1
2020-04-05,3,142.68
2020-04-06,3,171.32
2020-04-07,3,164.63
2020-04-08,3,173.11
2020-04-09,3,169.52
2020-04-10,3,157.81
2020-04-11,3,158.33
2020-04-12,3,158.59
2020-04-13,3,156.29
2020-04-14,3,158.45
2020-04-15,3,152.73
2020-04-16,3,172.29
2020-04-17,3,170.69
2020-04-18,3,187.4
2020-04-19,3,180.03
2020-04-20,3,170.2
2020-04-21,3,170.74
2020-04-22,3,182.7
2020-04-23,3,185.51
2020-04-24,3,187.59
2020-04-25,3,194.21
2020-04-26,3,197.38
2020-04-27,3,196.34
2020-04-28,3,196.24
2020-04-29,3,215.36
2020-04-30,3,206.08
2020-05-01,3,212.02
2020-05-02,3,213.9
2020-05-03,3,209.86
2020-05-04,3,206.48
2020-05-05,3,205.29
2020-05-06,3,198.97
2020-05-07,3,212.0
2020-05-08,3,211.31
2020-05-09,3,210.07
2020-05-10,3,187.54
2020-05-11,3,185.73
2020-05-12,3,189.76
2020-05-13,3,199.58
2020-05-14,3,203.29
2020-05-15,3,194.86
2020-05-16,3,200.45
2020-05-17,3,207.0
2020-05-18,3,214.91
2020-05-19,3,214.58
2020-05-20,3,209.98
2020-05-21,3,198.74
2020-05-22,3,207.36
2020-05-23,3,206.6
2020-05-24,3,199.9
2020-05-25,3,204.15
2020-05-26,3,200.89
2020-05-27,3,208.29
2020-05-28,3,220.21
2020-05-29,3,220.67
2020-05-30,3,243.66
2020-05-31,3,231.57
2020-06-01,3,248.23
2020-06-02,3,237.71
2020-06-03,3,244.52
2020-06-04,3,243.21
2020-06-05,3,240.03
2020-06-06,3,241.94
2020-06-07,3,244.56
2020-06-08,3,246.4
2020-06-09,3,243.8
2020-06-10,3,247.78
2020-06-11,3,230.51
2020-06-12,3,237.55
2020-06-13,3,238.11
2020-06-14,3,231.77
2020-06-15,3,230.86
2020-06-16,3,235.3
2020-06-17,3,233.82
2020-06-18,3,231.27
2020-06-19,3,229.0
2020-06-20,3,228.89
2020-06-21,3,228.04
2020-06-22,3,243.13
2020-06-23,3,243.14
2020-06-24,3,234.58
2020-06-25,3,232.5
2020-06-26,3,229.64
2020-06-27,3,220.94
2020-06-28,3,224.93
2020-06-29,3,227.93
2020-06-30,3,225.6
2020-07-01,3,230.99
2020-07-02,3,226.46
2020-07-03,3,224.87
2020-07-04,3,229.17
2020-07-05,3,227.56
2020-07-06,3,241.6
2020-07-07,3,239.39
2020-07-08,3,246.95
2020-07-09,3,241.98
2020-07-10,3,241.26
2020-07-11,3,239.19
2020-07-12,3,242.79
2020-07-13,3,239.5
2020-07-14,3,240.44
2020-07-15,3,238.61
2020-07-16,3,233.57
2020-07-17,3,232.67
2020-07-18,3,235.67
2020-07-19,3,239.11
2020-07-20,3,236.01
2020-07-21,3,245.59
2020-07-22,3,263.74
2020-07-23,3,275.3
2020-07-24,3,279.15
2020-07-25,3,305.26
2020-07-26,3,311.0
2020-07-27,3,321.93
2020-07-28,3,316.77
2020-07-29,3,317.71
2020-07-30,3,334.87
2020-07-31,3,346.33
2020-08-01,3,387.0
2020-08-02,3,372.42
2020-08-03,3,385.94
2020-08-04,3,389.61
2020-08-05,3,400.72
2020-08-06,3,394.77
2020-08-07,3,379.34
2020-08-08,3,397.03
2020-08-09,3,390.14
2020-08-10,3,395.44
2020-08-11,3,379.0
2020-08-12,3,387.18
2020-08-13,3,424.54
2020-08-14,3,438.11
2020-08-15,3,432.32
2020-08-16,3,433.62
2020-08-17,3,430.89
2020-08-18,3,421.95
2020-08-19,3,407.46
2020-08-20,3,415.94
2020-08-21,3,387.97
2020-08-22,3,395.24
2020-08-23,3,390.71
2020-08-24,3,407.68
2020-08-25,3,382.93
2020-08-26,3,385.81
2020-08-27,3,383.27
2020-08-28,3,395.11
2020-08-29,3,398.65
2020-08-30,3,428.94
2020-08-31,3,433.79
2020-09-01,3,475.4
2020-09-02,3,439.5
2020-09-03,3,381.4
2020-09-04,3,385.26
2020-09-05,3,335.01
2020-09-06,3,352.8
2020-09-07,3,353.59
2020-09-08,3,337.39
2020-09-09,3,350.85
2020-09-10,3,367.93
2020-09-11,3,373.63
2020-09-12,3,387.78
2020-09-13,3,366.42
2020-09-14,3,377.12
2020-09-15,3,364.06
2020-09-16,3,365.11
2020-09-17,3,389.36
2020-09-18,3,384.39
2020-09-19,3,385.25
2020-09-20,3,371.04
2020-09-21,3,340.36
2020-09-22,3,344.21
2020-09-23,3,320.72
2020-09-24,3,348.97
2020-09-25,3,351.92
2020-09-26,3,353.92
2020-09-27,3,357.49
2020-09-28,3,353.96
2020-09-29,3,359.79
2020-09-30,3,359.83
2020-10-01,3,352.85
2020-10-02,3,345.6
2020-10-03,3,345.95
2020-10-04,3,352.37
2020-10-05,3,353.62
2020-10-06,3,340.75
2020-10-07,3,341.58
2020-10-08,3,350.95
2020-10-09,3,365.02
2020-10-10,3,370.52
2020-10-11,3,374.16
2020-10-12,3,386.51
2020-10-13,3,381.04
2020-10-14,3,378.69
2020-10-15,3,377.64
2020-10-16,3,365.5
2020-10-17,3,368.32
2020-10-18,3,378.11
2020-10-19,3,379.3
2020-10-20,3,368.52
2020-10-21,3,390.38
2020-10-22,3,413.98
2020-10-23,3,409.11
2020-10-24,3,412.14
2020-10-25,3,405.86
2020-10-26,3,392.52
2020-10-27,3,403.45
2020-10-28,3,388.23
2020-10-29,3,387.13
2020-10-30,3,382.49
2020-10-31,3,386.46
2020-11-01,3,396.67
2020-11-02,3,383.02
2020-11-03,3,387.88
2020-11-04,3,402.49
2020-11-05,3,416.69
2020-11-06,3,455.91
2020-11-07,3,435.21
2020-11-08,3,454.3
2020-11-09,3,444.32
2020-11-10,3,450.34
2020-11-11,3,463.09
2020-11-12,3,462.39
2020-11-13,3,476.43
2020-11-14,3,460.89
2020-11-15,3,448.08
2020-11-16,3,460.55
2020-11-17,3,482.15
2020-11-18,3,478.41
2020-11-19,3,471.25
2020-11-20,3,510.12
2020-11-21,3,552.35
2020-11-22,3,560.03
2020-11-23,3,608.58
2020-11-24,3,604.97
2020-11-25,3,569.5
2020-11-26,3,519.83
2020-11-27,3,518.68
2020-11-28,3,537.52
2020-11-29,3,576.3
2020-11-30,3,616.66
2020-12-01,3,585.26
2020-12-02,3,596.89
2020-12-03,3,615.85
2020-12-04,3,567.24
2020-12-05,3,596.8
2020-12-06,3,601.54
2020-12-07,3,591.28
2020-12-08,3,554.94
2020-12-09,3,573.09
2020-12-10,3,558.99
2020-12-11,3,544.43
2020-12-12,3,568.04
2020-12-13,3,590.7
2020-12-14,3,586.29
2020-12-15,3,588.64
2020-12-16,3,637.18
2020-12-17,3,642.7
2020-12-18,3,653.85
2020-12-19,3,658.03
2020-12-20,3,638.18
2020-12-21,3,607.58
2020-12-22,3,636.45
2020-12-23,3,585.56
2020-12-24,3,612.31
2020-12-25,3,626.82
2020-12-26,3,637.44
2020-12-27,3,685.11
2020-12-28,3,730.41
2020-12-29,3,732.0
2020-12-30,3,752.17
2020-12-31,3,736.42
2021-01-01,3,728.91
2021-01-02,3,774.56
2021-01-03,3,978.28
2021-01-04,3,1041.43
2021-01-05,3,1099.56
2021-01-06,3,1208.42
2021-01-07,3,1224.87
2021-01-08,3,1216.93
2021-01-09,3,1276.0
2021-01-10,3,1254.25
2021-01-11,3,1087.01
2021-01-12,3,1050.16
2021-01-13,3,1129.89
2021-01-14,3,1231.62
2021-01-15,3,1168.53
2021-01-16,3,1227.83
2021-01-17,3,1232.45
2021-01-18,3,1258.45
2021-01-19,3,1365.36
2021-01-20,3,1376.99
2021-01-21,3,1110.96
2021-01-22,3,1232.62
2021-01-23,3,1233.6
2021-01-24,3,1392.51
2021-01-25,3,1317.88
2021-01-26,3,1365.97
2021-01-27,3,1239.03
2021-01-28,3,1329.69
2021-01-29,3,1379.5
2021-01-30,3,1378.05
2021-01-31,3,1312.55
2021-02-01,3,1374.17
2021-02-02,3,1511.87
2021-02-03,3,1664.49
2021-02-04,3,1595.67
2021-02-05,3,1719.19
2021-02-06,3,1676.35
2021-02-07,3,1611.62
2021-02-08,3,1750.15
2021-02-09,3,1769.13
2021-02-10,3,1740.78
2021-02-11,3,1785.62
2021-02-12,3,1840.26
2021-02-13,3,1814.96
2021-02-14,3,1800.42
2021-02-15,3,1779.25
2021-02-16,3,1781.99
2021-02-17,3,1849.88
2021-02-18,3,1939.61
2021-02-19,3,1955.0
2021-02-20,3,1913.0
2021-02-21,3,1933.53
2021-02-22,3,1777.58
2021-02-23,3,1577.89
2021-02-24,3,1623.39
2021-02-25,3,1481.75
2021-02-26,3,1444.59
2021-02-27,3,1458.13
2021-02-28,3,1419.18
2021-03-01,3,1569.86
2021-03-02,3,1486.78
2021-03-03,3,1567.69
2021-03-04,3,1539.23
2021-03-05,3,1528.31
2021-03-06,3,1650.35
2021-03-07,3,1726.16
2021-03-08,3,1833.18
2021-03-09,3,1870.51
2021-03-10,3,1795.12
2021-03-11,3,1825.78
2021-03-12,3,1766.1
2021-03-13,3,1922.35
2021-03-14,3,1848.1
2021-03-15,3,1793.48
2021-03-16,3,1805.12
2021-03-17,3,1823.58
2021-03-18,3,1776.08
2021-03-19,3,1809.1
2021-03-20,3,1806.1
2021-03-21,3,1782.98
2021-03-22,3,1680.97
2021-03-23,3,1668.08
2021-03-24,3,1581.84
2021-03-25,3,1585.74
2021-03-26,3,1698.84
2021-03-27,3,1712.63
2021-03-28,3,1687.01
2021-03-29,3,1816.74
2021-03-30,3,1840.46
2021-03-31,3,1919.37
2021-04-01,3,1968.05
2021-04-02,3,2133.69
2021-04-03,3,2008.52
2021-04-04,3,2075.69
2021-04-05,3,2107.38
2021-04-06,3,2112.21
2021-04-07,3,1963.47
2021-04-08,3,2080.46
2021-04-09,3,2066.87
2021-04-10,3,2133.49
2021-04-11,3,2151.36
2021-04-12,3,2137.69
2021-04-13,3,2299.19
2021-04-14,3,2432.6
2021-04-15,3,2514.04
2021-04-16,3,2422.67
2021-04-17,3,2317.6
2021-04-18,3,2235.64
2021-04-19,3,2161.12
2021-04-20,3,2330.03
2021-04-21,3,2357.06
2021-04-22,3,2397.94
2021-04-23,3,2367.39
2021-04-24,3,2213.35
2021-04-25,3,2320.49
2021-04-26,3,2532.6
2021-04-27,3,2666.13
2021-04-28,3,2748.24
2021-04-29,3,2757.04
2021-04-30,3,2772.42
2021-05-01,3,2944.77
2021-05-02,3,2949.56
2021-05-03,3,3431.04
2021-05-04,3,3239.01
2021-05-05,3,3524.26
2021-05-06,3,3489.73
2021-05-07,3,3479.53
2021-05-08,3,3910.26
2021-05-09,3,3923.95
2021-05-10,3,3945.88
2021-05-11,3,4173.45
2021-05-12,3,3823.21
2021-05-13,3,3717.91
2021-05-14,3,4075.01
2021-05-15,3,3646.68
2021-05-16,3,3582.1
2021-05-17,3,3282.51
2021-05-18,3,3375.07
2021-05-19,3,2438.92
2021-05-20,3,2768.62
2021-05-21,3,2430.98
2021-05-22,3,2294.87
2021-05-23,3,2096.39
2021-05-24,3,2648.43
2021-05-25,3,2705.11
2021-05-26,3,2884.94
2021-05-27,3,2742.23
2021-05-28,3,2412.1
2021-05-29,3,2278.74
2021-05-30,3,2385.98
2021-05-31,3,2706.15
2021-06-01,3,2634.57
2021-06-02,3,2706.22
2021-06-03,3,2857.25
2021-06-04,3,2689.51
2021-06-05,3,2627.73
2021-06-06,3,2711.92
2021-06-07,3,2592.05
2021-06-08,3,2507.23
2021-06-09,3,2610.18
2021-06-10,3,2471.09
2021-06-11,3,2354.01
2021-06-12,3,2370.74
2021-06-13,3,2509.33
2021-06-14,3,2580.77
2021-06-15,3,2543.54
2021-06-16,3,2367.89
2021-06-17,3,2373.28
2021-06-18,3,2234.09
2021-06-19,3,2164.67
2021-06-20,3,2243.47
2021-06-21,3,1885.49
2021-06-22,3,1879.28
2021-06-23,3,1968.14
2021-06-24,3,1989.52
2021-06-25,3,1808.82
2021-06-26,3,1829.64
2021-06-27,3,1982.28
2021-06-28,3,2084.41
2021-06-29,3,2165.33
2021-06-30,3,2275.68
2021-07-01,3,2106.41
2021-07-02,3,2154.13
2021-07-03,3,2226.99
2021-07-04,3,2322.69
2021-07-05,3,2196.53
2021-07-06,3,2322.5
2021-07-07,3,2316.57
2021-07-08,3,2116.33
2021-07-09,3,2146.99
2021-07-10,3,2110.69
2021-07-11,3,2140.45
2021-07-12,3,2031.58
2021-07-13,3,1940.15
2021-07-14,3,1994.58
2021-07-15,3,1919.51
2021-07-16,3,1876.26
2021-07-17,3,1899.59
2021-07-18,3,1891.64
2021-07-19,3,1818.73
2021-07-20,3,1786.03
2021-07-21,3,1995.5
2021-07-22,3,2024.56
2021-07-23,3,2124.25
2021-07-24,3,2184.75
2021-07-25,3,2189.79
2021-07-26,3,2228.08
2021-07-27,3,2299.49
2021-07-28,3,2300.9
2021-07-29,3,2382.92
2021-07-30,3,2461.81
2021-07-31,3,2531.05
2021-08-01,3,2555.69
2021-08-02,3,2606.93
2021-08-03,3,2509.04
2021-08-04,3,2724.78
2021-08-05,3,2826.99
2021-08-06,3,2891.58
2021-08-07,3,3160.31
2021-08-08,3,3011.85
2021-08-09,3,3160.52
2021-08-10,3,3141.66
2021-08-11,3,3160.5
2021-08-12,3,3045.96
2021-08-13,3,3322.32
2021-08-14,3,3263.16
2021-08-15,3,3307.09
2021-08-16,3,3146.53
2021-08-17,3,3011.72
2021-08-18,3,3014.55
2021-08-19,3,3184.12
2021-08-20,3,3284.82
2021-08-21,3,3223.43
2021-08-22,3,3238.0
2021-08-23,3,3321.28
2021-08-24,3,3170.62
2021-08-25,3,3226.87
2021-08-26,3,3093.2
2021-08-27,3,3273.45
2021-08-28,3,3244.48
2021-08-29,3,3223.47
2021-08-30,3,3229.64
2021-08-31,3,3429.2
2021-09-01,3,3826.82
2021-09-02,3,3785.82
2021-09-03,3,3938.11
2021-09-04,3,3885.52
2021-09-05,3,3950.29
2021-09-06,3,3926.77
2021-09-07,3,3434.57
2021-09-08,3,3499.0
2021-09-09,3,3424.93
2021-09-10,3,3208.86
2021-09-11,3,3267.21
2021-09-12,3,3404.21
2021-09-13,3,3285.35
2021-09-14,3,3434.37
2021-09-15,3,3613.55
2021-09-16,3,3567.98
2021-09-17,3,3399.81
2021-09-18,3,3435.64
2021-09-19,3,3328.62
2021-09-20,3,2977.28
2021-09-21,3,2765.9
2021-09-22,3,3076.92
2021-09-23,3,3152.5
2021-09-24,3,2928.53
2021-09-25,3,2921.73
2021-09-26,3,3059.37
2021-09-27,3,2925.59
2021-09-28,3,2804.91
2021-09-29,3,2850.45
2021-09-30,3,3000.61
2021-10-01,3,3309.91
2021-10-02,3,3387.76
2021-10-03,3,3417.73
2021-10-04,3,3386.31
2021-10-05,3,3515.27
2021-10-06,3,3574.89
2021-10-07,3,3587.47
2021-10-08,3,3563.13
2021-10-09,3,3574.82
2021-10-10,3,3414.22
2021-10-11,3,3542.12
2021-10-12,3,3491.46
2021-10-13,3,3607.42
2021-10-14,3,3790.82
2021-10-15,3,3868.99
2021-10-16,3,3829.96
2021-10-17,3,3846.85
2021-10-18,3,3744.96
2021-10-19,3,3877.03
2021-10-20,3,4161.15
2021-10-21,3,4052.99
2021-10-22,3,3972.2
2021-10-23,3,4167.12
2021-10-24,3,4082.33
2021-10-25,3,4220.37
2021-10-26,3,4131.52
2021-10-27,3,3922.0
2021-10-28,3,4286.02
2021-10-29,3,4418.89
2021-10-30,3,4322.68
2021-10-31,3,4287.21
2021-11-01,3,4319.43
2021-11-02,3,4589.89
2021-11-03,3,4603.35
2021-11-04,3,4532.32
2021-11-05,3,4474.24
2021-11-06,3,4518.0
2021-11-07,3,4612.59
2021-11-08,3,4807.98
2021-11-09,3,4732.33
2021-11-10,3,4628.78
2021-11-11,3,4719.0
2021-11-12,3,4665.46
2021-11-13,3,4644.28
2021-11-14,3,4626.5
2021-11-15,3,4563.78
2021-11-16,3,4209.76
2021-11-17,3,4287.8
2021-11-18,3,3996.9
2021-11-19,3,4294.76
2021-11-20,3,4412.17
2021-11-21,3,4258.31
2021-11-22,3,4085.97
2021-11-23,3,4339.44
2021-11-24,3,4269.36
2021-11-25,3,4524.85
2021-11-26,3,4041.2
2021-11-27,3,4095.29
2021-11-28,3,4294.78
2021-11-29,3,4444.53
2021-11-30,3,4630.26
2021-12-01,3,4582.95
2021-12-02,3,4511.21
2021-12-03,3,4215.73
2021-12-04,3,4117.25
2021-12-05,3,4196.44
2021-12-06,3,4347.59
2021-12-07,3,4306.4
2021-12-08,3,4436.91
2021-12-09,3,4105.64
2021-12-10,3,3897.94
2021-12-11,3,4089.37
2021-12-12,3,4130.0
2021-12-13,3,3781.93
2021-12-14,3,3858.99
2021-12-15,3,4019.08
2021-12-16,3,3958.11
2021-12-17,3,3875.42
2021-12-18,3,3959.93
2021-12-19,3,3924.14
2021-12-20,3,3944.73
2021-12-21,3,4014.15
2021-12-22,3,3979.51
2021-12-23,3,4111.41
2021-12-24,3,4046.36
2021-12-25,3,4094.83
2021-12-26,3,4063.56
2021-12-27,3,4037.23
2021-12-28,3,3792.75
2021-12-29,3,3630.19
2021-12-30,3,3709.27
2021-12-31,3,3676.23
2022-01-01,3,3765.54
2022-01-02,3,3828.27
2022-01-03,3,3765.89
2022-01-04,3,3785.11
2022-01-05,3,3540.63
2022-01-06,3,3406.81
2022-01-07,3,3199.24
2022-01-08,3,3080.95
2022-01-09,3,3151.97
2022-01-10,3,3082.68
2022-01-11,3,3239.72
2022-01-12,3,3371.26
2022-01-13,3,3240.61
2022-01-14,3,3307.42
2022-01-15,3,3326.04
2022-01-16,3,3346.88
2022-01-17,3,3209.67
2022-01-18,3,3159.85
2022-01-19,3,3084.02
2022-01-20,3,3001.48
2022-01-21,3,2568.15
2022-01-22,3,2412.18
2022-01-23,3,2539.01
2022-01-24,3,2439.29
2022-01-25,3,2458.83
2022-01-26,3,2462.99
2022-01-27,3,2424.25
2022-01-28,3,2544.99
2022-01-29,3,2601.43
2022-01-30,3,2601.68
2022-01-31,3,2686.94
2022-02-01,3,2787.23
2022-02-02,3,2680.67
2022-02-03,3,2695.46
2022-02-04,3,2994.99
2022-02-05,3,3012.65
2022-02-06,3,3054.99
2022-02-07,3,3139.77
2022-02-08,3,3116.69
2022-02-09,3,3243.94
2022-02-10,3,3072.49
2022-02-11,3,2927.54
2022-02-12,3,2918.88
2022-02-13,3,2871.13
2022-02-14,3,2929.75
2022-02-15,3,3183.52
2022-02-16,3,3122.3
2022-02-17,3,2891.87
2022-02-18,3,2779.48
2022-02-19,3,2763.63
2022-02-20,3,2621.99
2022-02-21,3,2568.02
2022-02-22,3,2636.29
2022-02-23,3,2579.71
2022-02-24,3,2596.2
2022-02-25,3,2768.49
2022-02-26,3,2779.47
2022-02-27,3,2616.79
2022-02-28,3,2920.95
2022-03-01,3,2976.33
2022-03-02,3,2947.3
2022-03-03,3,2833.99
2022-03-04,3,2622.1
2022-03-05,3,2665.15
2022-03-06,3,2551.29
2022-03-07,3,2491.12
2022-03-08,3,2575.97
2022-03-09,3,2726.98
2022-03-10,3,2606.7
2022-03-11,3,2556.86
2022-03-12,3,2568.8
2022-03-13,3,2515.65
2022-03-14,3,2589.41
2022-03-15,3,2617.73
2022-03-16,3,2773.81
2022-03-17,3,2811.92
2022-03-18,3,2938.92
2022-03-19,3,2950.84
2022-03-20,3,2861.38
2022-03-21,3,2890.03
2022-03-22,3,2969.64
2022-03-23,3,3036.0
2022-03-24,3,3110.76
2022-03-25,3,3102.14
2022-03-26,3,3145.0
2022-03-27,3,3295.65
2022-03-28,3,3332.92
2022-03-29,3,3400.51
2022-03-30,3,3385.79
2022-03-31,3,3281.51
2022-04-01,3,3455.21
2022-04-02,3,3443.77
2022-04-03,3,3521.91
2022-04-04,3,3519.5
2022-04-05,3,3406.99
2022-04-06,3,3168.51
2022-04-07,3,3227.19
2022-04-08,3,3192.39
2022-04-09,3,3258.57
2022-04-10,3,3203.04
2022-04-11,3,2979.74
2022-04-12,3,3027.66
2022-04-13,3,3118.28
2022-04-14,3,3021.98
2022-04-15,3,3040.56
2022-04-16,3,3059.3
2022-04-17,3,2988.06
2022-04-18,3,3055.56
2022-04-19,3,3101.77
2022-04-20,3,3076.04
2022-04-21,3,2983.58
2022-04-22,3,2962.39
2022-04-23,3,2933.03
2022-04-24,3,2921.0
2022-04-25,3,3006.62
2022-04-26,3,2809.67
2022-04-27,3,2888.96
2022-04-28,3,2936.93
2022-04-29,3,2817.13
2022-04-30,3,2726.66
2022-05-01,3,2824.81
2022-05-02,3,2856.54
2022-05-03,3,2781.7
2022-05-04,3,2940.64
2022-05-05,3,2747.97
2022-05-06,3,2692.85
2022-05-07,3,2635.34
2022-05-08,3,2519.71
2022-05-09,3,2228.55
2022-05-10,3,2342.05
2022-05-11,3,2084.99
2022-05-12,3,1960.22
2022-05-13,3,2009.69
2022-05-14,3,2056.48
2022-05-15,3,2145.29
2022-05-16,3,2023.66
2022-05-17,3,2090.72
2022-05-18,3,1915.11
2022-05-19,3,2019.55
2022-05-20,3,1959.08
2022-05-21,3,1975.07
2022-05-22,3,2043.19
2022-05-23,3,1973.32
2022-05-24,3,1979.41
2022-05-25,3,1942.63
2022-05-26,3,1792.23
2022-05-27,3,1727.27
2022-05-28,3,1792.22
2022-05-29,3,1813.64
2022-05-30,3,1998.78
2022-05-31,3,1941.9
2022-06-01,3,1817.95
2022-06-02,3,1834.08
2022-06-03,3,1775.12
2022-06-04,3,1804.58
2022-06-05,3,1806.23
2022-06-06,3,1859.84
2022-06-07,3,1813.33
2022-06-08,3,1791.88
2022-06-09,3,1788.81
2022-06-10,3,1662.91
2022-06-11,3,1532.89
2022-06-12,3,1434.84
2022-06-13,3,1209.82
2022-06-14,3,1208.9
2022-06-15,3,1237.52
2022-06-16,3,1068.5
2022-06-17,3,1086.94
2022-06-18,3,995.13
2022-06-19,3,1128.53
2022-06-20,3,1128.24
2022-06-21,3,1125.85
2022-06-22,3,1050.19
2022-06-23,3,1144.72
2022-06-24,3,1225.02
2022-06-25,3,1242.36
2022-06-26,3,1197.79
2022-06-27,3,1192.51
2022-06-28,3,1144.05
2022-06-29,3,1100.21
2022-06-30,3,1071.01
2022-07-01,3,1059.73
2022-07-02,3,1067.01
2022-07-03,3,1074.26
2022-07-04,3,1151.0
2022-07-05,3,1132.5
2022-07-06,3,1186.57
2022-07-07,3,1237.49
2022-07-08,3,1214.04
2022-07-09,3,1217.02
2022-07-10,3,1168.36
2022-07-11,3,1096.4
2022-07-12,3,1038.58
2022-07-13,3,1115.0
2022-07-14,3,1193.42
2022-07-15,3,1231.25
2022-07-16,3,1355.85
2022-07-17,3,1338.65
2022-07-18,3,1581.04
2022-07-19,3,1542.32
2022-07-20,3,1521.58
2022-07-21,3,1575.45
2022-07-22,3,1535.27
2022-07-23,3,1548.67
2022-07-24,3,1597.7
2022-07-25,3,1440.79
2022-07-26,3,1449.12
2022-07-27,3,1635.74
2022-07-28,3,1724.52
2022-07-29,3,1721.68
2022-07-30,3,1697.0
2022-07-31,3,1678.12
2022-08-01,3,1630.28
2022-08-02,3,1630.91
2022-08-03,3,1618.16
2022-08-04,3,1607.96
2022-08-05,3,1736.81
2022-08-06,3,1690.6
2022-08-07,3,1700.19
2022-08-08,3,1777.05
2022-08-09,3,1702.76
2022-08-10,3,1853.57
2022-08-11,3,1880.19
2022-08-12,3,1958.28
2022-08-13,3,1983.55
2022-08-14,3,1935.31
2022-08-15,3,1899.06
2022-08-16,3,1876.67
2022-08-17,3,1834.25
2022-08-18,3,1846.39
2022-08-19,3,1609.01
2022-08-20,3,1576.04
2022-08-21,3,1618.13
2022-08-22,3,1624.66
2022-08-23,3,1665.41
2022-08-24,3,1656.56
2022-08-25,3,1695.11
2022-08-26,3,1508.18
2022-08-27,3,1491.06
2022-08-28,3,1426.76
2022-08-29,3,1551.8
2022-08-30,3,1524.59
2022-08-31,3,1554.1
2022-09-01,3,1586.16
2022-09-02,3,1575.35
2022-09-03,3,1557.46
2022-09-04,3,1579.28
2022-09-05,3,1617.8
2022-09-06,3,1559.01
2022-09-07,3,1630.0
2022-09-08,3,1635.37
2022-09-09,3,1718.23
2022-09-10,3,1774.12
2022-09-11,3,1766.11
2022-09-12,3,1716.37
2022-09-13,3,1574.4
2022-09-14,3,1638.39
2022-09-15,3,1472.75
2022-09-16,3,1433.9
2022-09-17,3,1468.83
2022-09-18,3,1334.51
2022-09-19,3,1375.98
2022-09-20,3,1322.93
2022-09-21,3,1245.78
2022-09-22,3,1326.46
2022-09-23,3,1327.25
2022-09-24,3,1317.13
2022-09-25,3,1294.63
2022-09-26,3,1336.17
2022-09-27,3,1328.02
2022-09-28,3,1337.2
2022-09-29,3,1335.7
2022-09-30,3,1328.72
2022-10-01,3,1311.79
2022-10-02,3,1276.72
2022-10-03,3,1323.09
2022-10-04,3,1361.49
2022-10-05,3,1352.2
2022-10-06,3,1352.06
2022-10-07,3,1331.1
2022-10-08,3,1315.48
2022-10-09,3,1323.13
2022-10-10,3,1290.03
2022-10-11,3,1280.11
2022-10-12,3,1294.44
2022-10-13,3,1287.08
2022-10-14,3,1296.27
2022-10-15,3,1274.92
2022-10-16,3,1305.95
2022-10-17,3,1331.4
2022-10-18,3,1310.71
2022-10-19,3,1285.09
2022-10-20,3,1282.57
2022-10-21,3,1299.75
2022-10-22,3,1313.61
2022-10-23,3,1364.2
2022-10-24,3,1343.61
2022-10-25,3,1459.74
2022-10-26,3,1566.1
2022-10-27,3,1514.05
2022-10-28,3,1554.41
2022-10-29,3,1619.55
2022-10-30,3,1590.44
2022-10-31,3,1572.69
2022-11-01,3,1578.48
2022-11-02,3,1518.34
2022-11-03,3,1531.01
2022-11-04,3,1644.78
2022-11-05,3,1626.98
2022-11-06,3,1568.29
2022-11-07,3,1568.1
2022-11-08,3,1334.77
2022-11-09,3,1102.73
2022-11-10,3,1299.28
2022-11-11,3,1289.28
2022-11-12,3,1257.25
2022-11-13,3,1221.49
2022-11-14,3,1243.28
2022-11-15,3,1253.23
2022-11-16,3,1216.17
2022-11-17,3,1200.43
2022-11-18,3,1212.58
2022-11-19,3,1217.67
2022-11-20,3,1142.21
2022-11-21,3,1107.34
2022-11-22,3,1139.6
2022-11-23,3,1184.52
2022-11-24,3,1203.73
2022-11-25,3,1199.3
2022-11-26,3,1205.6
2022-11-27,3,1193.88
2022-11-28,3,1167.77
2022-11-29,3,1216.49
2022-11-30,3,1294.46
2022-12-01,3,1276.41
2022-12-02,3,1295.59
2022-12-03,3,1240.51
2022-12-04,3,1279.41
2022-12-05,3,1259.41
2022-12-06,3,1271.32
2022-12-07,3,1231.18
2022-12-08,3,1280.18
2022-12-09,3,1263.1
2022-12-10,3,1266.35
2022-12-11,3,1263.01
2022-12-12,3,1275.4
2022-12-13,3,1320.69
2022-12-14,3,1307.44
2022-12-15,3,1266.54
2022-12-16,3,1166.83
2022-12-17,3,1187.16
2022-12-18,3,1183.06
2022-12-19,3,1167.82
2022-12-20,3,1216.94
2022-12-21,3,1213.78
2022-12-22,3,1217.71
2022-12-23,3,1219.99
2022-12-24,3,1220.41
2022-12-25,3,1218.51
2022-12-26,3,1228.11
2022-12-27,3,1211.55
2022-12-28,3,1190.15
2022-12-29,3,1200.49
2022-12-30,3,1199.99
2022-12-31,3,1196.13
2023-01-01,3,1200.34
2023-01-02,3,1214.0
2023-01-03,3,1214.55
2023-01-04,3,1256.9
2023-01-05,3,1251.24
2023-01-06,3,1269.14
2023-01-07,3,1264.07
2023-01-08,3,1290.16
2023-01-09,3,1320.39
2023-01-10,3,1335.62
2023-01-11,3,1389.39
2023-01-12,3,1415.92
2023-01-13,3,1451.2
2023-01-14,3,1549.9
2023-01-15,3,1552.52
2023-01-16,3,1576.94
2023-01-17,3,1565.57
2023-01-18,3,1511.43
2023-01-19,3,1551.09
2023-01-20,3,1658.52
2023-01-21,3,1626.66
2023-01-22,3,1627.44
2023-01-23,3,1626.29
2023-01-24,3,1555.97
2023-01-25,3,1611.94
2023-01-26,3,1601.09
2023-01-27,3,1597.62
2023-01-28,3,1572.1
2023-01-29,3,1644.72
2023-01-30,3,1566.2
2023-01-31,3,1585.33
2023-02-01,3,1641.68
2023-02-02,3,1643.12
2023-02-03,3,1663.52
2023-02-04,3,1666.38
2023-02-05,3,1629.02
2023-02-06,3,1614.29
2023-02-07,3,1671.03
2023-02-08,3,1650.43
2023-02-09,3,1545.35
2023-02-10,3,1513.06
2023-02-11,3,1538.51
2023-02-12,3,1514.83
2023-02-13,3,1505.24
2023-02-14,3,1555.71
2023-02-15,3,1674.92
2023-02-16,3,1637.84
2023-02-17,3,1693.87
2023-02-18,3,1691.62
2023-02-19,3,1679.75
2023-02-20,3,1703.27
2023-02-21,3,1659.76
2023-02-22,3,1643.14
2023-02-23,3,1650.53
2023-02-24,3,1607.8
2023-02-25,3,1594.58
2023-02-26,3,1641.36
2023-02-27,3,1633.45
2023-02-28,3,1605.23
2023-03-01,3,1665.22
2023-03-02,3,1647.86
2023-03-03,3,1569.45
2023-03-04,3,1566.73
2023-03-05,3,1564.58
2023-03-06,3,1565.84
2023-03-07,3,1561.96
2023-03-08,3,1532.38
2023-03-09,3,1437.32
2023-03-10,3,1426.44
2023-03-11,3,1471.97
2023-03-12,3,1580.33
2023-03-13,3,1673.45
2023-03-14,3,1699.4
2023-03-15,3,1649.96
2023-03-16,3,1673.73
2023-03-17,3,1789.27
2023-03-18,3,1758.84
2023-03-19,3,1780.68
2023-03-20,3,1732.78
2023-03-21,3,1801.23
2023-03-22,3,1734.33
2023-03-23,3,1813.79
2023-03-24,3,1749.57
2023-03-25,3,1741.88
2023-03-26,3,1773.88
2023-03-27,3,1715.22
2023-03-28,3,1772.99
2023-03-29,3,1793.07
2023-03-30,3,1793.61
2023-03-31,3,1821.52
2023-04-01,3,1820.79
2023-04-02,3,1794.51
2023-04-03,3,1810.51
2023-04-04,3,1870.37
2023-04-05,3,1908.69
2023-04-06,3,1872.41
2023-04-07,3,1863.72
2023-04-08,3,1848.82
2023-04-09,3,1858.92
2023-04-10,3,1910.2
2023-04-11,3,1889.86
2023-04-12,3,1917.39
2023-04-13,3,2012.01
2023-04-14,3,2099.99
2023-04-15,3,2090.6
2023-04-16,3,2118.67
2023-04-17,3,2074.0
2023-04-18,3,2103.5
2023-04-19,3,1933.73
2023-04-20,3,1942.98
2023-04-21,3,1848.78
2023-04-22,3,1874.16
2023-04-23,3,1862.0
2023-04-24,3,1841.84
2023-04-25,3,1866.1
2023-04-26,3,1866.01
2023-04-27,3,1908.68
2023-04-28,3,1890.94
2023-04-29,3,1907.8
2023-04-30,3,1870.09
2023-05-01,3,1830.73
2023-05-02,3,1870.08
2023-05-03,3,1905.12
2023-05-04,3,1877.07
2023-05-05,3,1993.3
2023-05-06,3,1896.33
2023-05-07,3,1870.4
2023-05-08,3,1847.56
2023-05-09,3,1846.52
2023-05-10,3,1840.84
2023-05-11,3,1794.3
2023-05-12,3,1807.45
2023-05-13,3,1795.11
2023-05-14,3,1799.21
2023-05-15,3,1816.2
2023-05-16,3,1824.21
2023-05-17,3,1822.12
2023-05-18,3,1800.56
2023-05-19,3,1812.32
2023-05-20,3,1819.42
2023-05-21,3,1804.91
2023-05-22,3,1817.35
2023-05-23,3,1854.05
2023-05-24,3,1799.89
2023-05-25,3,1805.6
2023-05-26,3,1827.79
2023-05-27,3,1829.89
2023-05-28,3,1908.64
2023-05-29,3,1892.6
2023-05-30,3,1900.59
2023-05-31,3,1872.7
